ds,Open,High,Low,y,Volume,Dividends,Stock Splits
2024-01-02,250.0800018310547,251.25,244.4100036621093,248.4199981689453,104654200,0.0,0.0
2024-01-03,244.97999572753903,245.67999267578125,236.32000732421875,238.4499969482422,121082600,0.0,0.0
2024-01-04,239.25,242.6999969482422,237.72999572753903,237.92999267578125,102629300,0.0,0.0
2024-01-05,236.8600006103516,240.1199951171875,234.8999938964844,237.4900054931641,92379400,0.0,0.0
2024-01-08,236.13999938964844,241.25,235.3000030517578,240.4499969482422,85166600,0.0,0.0
2024-01-09,238.1100006103516,238.9600067138672,232.0399932861328,234.9600067138672,96705700,0.0,0.0
2024-01-10,235.1000061035156,235.5,231.2899932861328,233.94000244140625,91628500,0.0,0.0
2024-01-11,230.57000732421875,230.92999267578125,225.3699951171875,227.22000122070312,105873600,0.0,0.0
2024-01-12,220.0800018310547,225.33999633789065,217.1499938964844,218.88999938964844,122889000,0.0,0.0
2024-01-16,215.1000061035156,223.4900054931641,212.17999267578125,219.9100036621093,115355000,0.0,0.0
2024-01-17,214.8600006103516,215.6699981689453,212.009994506836,215.5500030517578,103164400,0.0,0.0
2024-01-18,216.8800048828125,217.4499969482422,208.7400054931641,211.8800048828125,108595400,0.0,0.0
2024-01-19,209.9900054931641,213.19000244140625,207.5599975585937,212.19000244140625,102095800,0.0,0.0
2024-01-22,212.259994506836,217.8000030517578,206.2700042724609,208.8000030517578,117952500,0.0,0.0
2024-01-23,211.3000030517578,215.6499938964844,207.75,209.13999938964844,106605900,0.0,0.0
2024-01-24,211.8800048828125,212.72999572753903,206.7700042724609,207.8300018310547,123369900,0.0,0.0
2024-01-25,189.6999969482422,193.0,180.05999755859375,182.6300048828125,198076800,0.0,0.0
2024-01-26,185.5,186.77999877929688,182.1000061035156,183.25,107343200,0.0,0.0
2024-01-29,185.6300048828125,191.47999572753903,183.6699981689453,190.92999267578125,125013100,0.0,0.0
2024-01-30,195.3300018310547,196.3600006103516,190.6100006103516,191.58999633789065,109982300,0.0,0.0
2024-01-31,187.0,193.97000122070312,185.8500061035156,187.2899932861328,103221400,0.0,0.0
2024-02-01,188.5,189.8800048828125,184.27999877929688,188.8600006103516,91843300,0.0,0.0
2024-02-02,185.0399932861328,188.69000244140625,182.0,187.9100036621093,110505100,0.0,0.0
2024-02-05,184.259994506836,184.67999267578125,175.00999450683594,181.0599975585937,134294400,0.0,0.0
2024-02-06,177.2100067138672,186.4900054931641,177.11000061035156,185.1000061035156,122676000,0.0,0.0
2024-02-07,188.17999267578125,189.7899932861328,182.67999267578125,187.5800018310547,111535200,0.0,0.0
2024-02-08,189.0,191.6199951171875,185.5800018310547,189.5599975585937,83034000,0.0,0.0
2024-02-09,190.17999267578125,194.1199951171875,189.47999572753903,193.57000732421875,84476300,0.0,0.0
2024-02-12,192.1100006103516,194.72999572753903,187.27999877929688,188.1300048828125,95498600,0.0,0.0
2024-02-13,183.9900054931641,187.259994506836,182.1100006103516,184.0200042724609,86759500,0.0,0.0
2024-02-14,185.3000030517578,188.88999938964844,183.3500061035156,188.7100067138672,81203000,0.0,0.0
2024-02-15,189.1600036621093,200.8800048828125,188.8600006103516,200.4499969482422,120831800,0.0,0.0
2024-02-16,202.0599975585937,203.1699981689453,197.3999938964844,199.9499969482422,111173600,0.0,0.0
2024-02-20,196.1300048828125,198.6000061035156,189.1300048828125,193.759994506836,104545800,0.0,0.0
2024-02-21,193.3600006103516,199.44000244140625,191.9499969482422,194.7700042724609,103844000,0.0,0.0
2024-02-22,194.0,198.32000732421875,191.3600006103516,197.4100036621093,92739500,0.0,0.0
2024-02-23,195.3099975585937,197.57000732421875,191.5,191.97000122070312,78841900,0.0,0.0
2024-02-26,192.2899932861328,201.77999877929688,192.0,199.3999938964844,111747100,0.0,0.0
2024-02-27,204.0399932861328,205.6000061035156,198.259994506836,199.72999572753903,108645400,0.0,0.0
2024-02-28,200.4199981689453,205.3000030517578,198.44000244140625,202.0399932861328,99806200,0.0,0.0
2024-02-29,204.17999267578125,205.27999877929688,198.4499969482422,201.8800048828125,85907000,0.0,0.0
2024-03-01,200.5200042724609,204.5200042724609,198.5,202.63999938964844,82099200,0.0,0.0
2024-03-04,198.72999572753903,199.75,186.72000122070312,188.13999938964844,134334900,0.0,0.0
2024-03-05,183.0500030517578,184.58999633789065,177.57000732421875,180.7400054931641,119660800,0.0,0.0
2024-03-06,179.99000549316406,181.5800018310547,173.6999969482422,176.5399932861328,107920900,0.0,0.0
2024-03-07,174.35000610351562,180.0399932861328,173.6999969482422,178.64999389648438,102129000,0.0,0.0
2024-03-08,181.5,182.72999572753903,174.6999969482422,175.33999633789062,85315300,0.0,0.0
2024-03-11,175.4499969482422,182.8699951171875,174.8000030517578,177.77000427246094,85391500,0.0,0.0
2024-03-12,177.77000427246094,179.42999267578125,172.41000366210938,177.5399932861328,87391700,0.0,0.0
2024-03-13,173.0500030517578,176.0500030517578,169.14999389648438,169.47999572753906,106524500,0.0,0.0
2024-03-14,167.77000427246094,171.1699981689453,160.50999450683594,162.5,126325700,0.0,0.0
2024-03-15,163.16000366210938,165.17999267578125,160.75999450683594,163.57000732421875,96971900,0.0,0.0
2024-03-18,170.02000427246094,174.72000122070312,165.89999389648438,173.8000030517578,108214400,0.0,0.0
2024-03-19,172.36000061035156,172.82000732421875,167.4199981689453,171.32000732421875,77271400,0.0,0.0
2024-03-20,173.0,176.25,170.82000732421875,175.66000366210938,83846700,0.0,0.0
2024-03-21,176.38999938964844,178.17999267578125,171.8000030517578,172.82000732421875,73178000,0.0,0.0
2024-03-22,166.69000244140625,171.1999969482422,166.3000030517578,170.8300018310547,75454700,0.0,0.0
2024-03-25,168.75999450683594,175.24000549316406,168.72999572753906,172.6300048828125,74228600,0.0,0.0
2024-03-26,178.5800018310547,184.25,177.3800048828125,177.6699981689453,113186200,0.0,0.0
2024-03-27,181.4100036621093,181.9100036621093,176.0,179.8300018310547,81804000,0.0,0.0
2024-03-28,177.4499969482422,179.57000732421875,175.3000030517578,175.7899932861328,77654800,0.0,0.0
2024-04-01,176.1699981689453,176.75,170.2100067138672,175.22000122070312,81562100,0.0,0.0
2024-04-02,164.75,167.69000244140625,163.42999267578125,166.6300048828125,116650600,0.0,0.0
2024-04-03,164.02000427246094,168.82000732421875,163.27999877929688,168.3800048828125,82950100,0.0,0.0
2024-04-04,170.07000732421875,177.19000244140625,168.00999450683594,171.11000061035156,123162000,0.0,0.0
2024-04-05,169.0800018310547,170.86000061035156,160.50999450683594,164.89999389648438,141250700,0.0,0.0
2024-04-08,169.33999633789062,174.5,167.7899932861328,172.97999572753906,104423300,0.0,0.0
2024-04-09,172.91000366210938,179.22000122070312,171.9199981689453,176.8800048828125,103232700,0.0,0.0
2024-04-10,173.0399932861328,174.92999267578125,170.00999450683594,171.75999450683594,84532400,0.0,0.0
2024-04-11,172.5500030517578,175.8800048828125,168.50999450683594,174.60000610351562,94516000,0.0,0.0
2024-04-12,172.33999633789062,173.80999755859375,170.36000061035156,171.0500030517578,64506600,0.0,0.0
2024-04-15,170.24000549316406,170.69000244140625,161.3800048828125,161.47999572753906,100245300,0.0,0.0
2024-04-16,156.74000549316406,158.19000244140625,153.75,157.11000061035156,97000000,0.0,0.0
2024-04-17,157.63999938964844,158.3300018310547,153.77999877929688,155.4499969482422,82439700,0.0,0.0
2024-04-18,151.25,152.1999969482422,148.6999969482422,149.92999267578125,96098800,0.0,0.0
2024-04-19,148.97000122070312,150.94000244140625,146.22000122070312,147.0500030517578,86005100,0.0,0.0
2024-04-22,140.55999755859375,144.44000244140625,138.8000030517578,142.0500030517578,107097600,0.0,0.0
2024-04-23,143.3300018310547,147.25999450683594,141.11000061035156,144.67999267578125,124545100,0.0,0.0
2024-04-24,162.83999633789062,167.97000122070312,157.50999450683594,162.1300048828125,181178000,0.0,0.0
2024-04-25,158.9600067138672,170.8800048828125,158.36000061035156,170.17999267578125,126427500,0.0,0.0
2024-04-26,168.85000610351562,172.1199951171875,166.3699951171875,168.2899932861328,109815700,0.0,0.0
2024-04-29,188.4199981689453,198.8699951171875,184.5399932861328,194.0500030517578,243869700,0.0,0.0
2024-04-30,186.97999572753903,190.9499969482422,182.83999633789065,183.27999877929688,127031800,0.0,0.0
2024-05-01,182.0,185.8600006103516,179.00999450683594,179.99000549316406,92829700,0.0,0.0
2024-05-02,182.8600006103516,184.6000061035156,176.02000427246094,180.00999450683594,89148000,0.0,0.0
2024-05-03,182.1000061035156,184.77999877929688,178.4199981689453,181.19000244140625,75491500,0.0,0.0
2024-05-06,183.8000030517578,187.5599975585937,182.1999969482422,184.759994506836,84390300,0.0,0.0
2024-05-07,182.3999938964844,183.259994506836,177.39999389648438,177.80999755859375,75045900,0.0,0.0
2024-05-08,171.58999633789062,176.05999755859375,170.14999389648438,174.72000122070312,79969500,0.0,0.0
2024-05-09,175.00999450683594,175.6199951171875,171.3699951171875,171.97000122070312,65950300,0.0,0.0
2024-05-10,173.0500030517578,173.05999755859375,167.75,168.47000122070312,72627200,0.0,0.0
2024-05-13,170.0,175.39999389648438,169.0,171.88999938964844,67018900,0.0,0.0
2024-05-14,174.5,179.49000549316406,174.07000732421875,177.5500030517578,86407400,0.0,0.0
2024-05-15,179.89999389648438,180.0,173.11000061035156,173.99000549316406,79663000,0.0,0.0
2024-05-16,174.10000610351562,175.7899932861328,171.42999267578125,174.83999633789062,59812200,0.0,0.0
2024-05-17,173.5500030517578,179.6300048828125,172.75,177.4600067138672,77445800,0.0,0.0
2024-05-20,177.55999755859375,177.75,173.52000427246094,174.9499969482422,61727400,0.0,0.0
2024-05-21,175.50999450683594,186.8800048828125,174.7100067138672,186.6000061035156,115266500,0.0,0.0
2024-05-22,182.8500061035156,183.8000030517578,178.1199951171875,180.11000061035156,88313500,0.0,0.0
2024-05-23,181.8000030517578,181.8999938964844,173.25999450683594,173.74000549316406,71975500,0.0,0.0
2024-05-24,174.83999633789062,180.0800018310547,173.72999572753906,179.24000549316406,65479700,0.0,0.0
2024-05-28,176.39999389648438,178.25,173.16000366210938,176.75,59736600,0.0,0.0
2024-05-29,174.19000244140625,178.14999389648438,173.92999267578125,176.19000244140625,54782600,0.0,0.0
2024-05-30,178.5800018310547,182.6699981689453,175.3800048828125,178.7899932861328,77784800,0.0,0.0
2024-05-31,178.5,180.32000732421875,173.82000732421875,178.0800018310547,67314600,0.0,0.0
2024-06-03,178.1300048828125,182.63999938964844,174.49000549316406,176.2899932861328,68568900,0.0,0.0
2024-06-04,174.77999877929688,177.75999450683594,174.0,174.77000427246094,60056300,0.0,0.0
2024-06-05,175.35000610351562,176.14999389648438,172.1300048828125,175.0,57953800,0.0,0.0
2024-06-06,174.60000610351562,179.72999572753906,172.72999572753906,177.94000244140625,69887000,0.0,0.0
2024-06-07,176.1300048828125,179.35000610351562,175.5800018310547,177.47999572753906,56244900,0.0,0.0
2024-06-10,176.05999755859375,178.57000732421875,173.1699981689453,173.7899932861328,50869700,0.0,0.0
2024-06-11,173.9199981689453,174.75,167.41000366210938,170.66000366210938,64761900,0.0,0.0
2024-06-12,171.1199951171875,180.5500030517578,169.8000030517578,177.2899932861328,90389400,0.0,0.0
2024-06-13,188.38999938964844,191.0800018310547,181.22999572753903,182.47000122070312,118984100,0.0,0.0
2024-06-14,185.8000030517578,186.0,176.9199981689453,178.00999450683594,82038200,0.0,0.0
2024-06-17,177.9199981689453,188.8099975585937,177.0,187.44000244140625,109786100,0.0,0.0
2024-06-18,186.5599975585937,187.1999969482422,182.3699951171875,184.8600006103516,68982300,0.0,0.0
2024-06-20,184.67999267578125,185.2100067138672,179.66000366210938,181.57000732421875,55893100,0.0,0.0
2024-06-21,182.3000030517578,183.9499969482422,180.69000244140625,183.009994506836,63029500,0.0,0.0
2024-06-24,184.97000122070312,188.8000030517578,182.5500030517578,182.5800018310547,61992100,0.0,0.0
2024-06-25,184.3999938964844,187.97000122070312,182.009994506836,187.3500061035156,63678300,0.0,0.0
2024-06-26,186.5399932861328,197.759994506836,186.3600006103516,196.3699951171875,95737100,0.0,0.0
2024-06-27,195.1699981689453,198.72000122070312,194.0500030517578,197.4199981689453,72746500,0.0,0.0
2024-06-28,199.5500030517578,203.1999969482422,195.259994506836,197.8800048828125,95438100,0.0,0.0
2024-07-01,201.0200042724609,213.22999572753903,200.8500061035156,209.8600006103516,135691400,0.0,0.0
2024-07-02,218.88999938964844,231.3000030517578,218.0599975585937,231.259994506836,205047900,0.0,0.0
2024-07-03,234.5599975585937,248.3500061035156,234.25,246.38999938964844,166561500,0.0,0.0
2024-07-05,249.8099975585937,252.3699951171875,242.4600067138672,251.5200042724609,154501200,0.0,0.0
2024-07-08,247.7100067138672,259.44000244140625,244.57000732421875,252.94000244140625,157219600,0.0,0.0
2024-07-09,251.0,265.6099853515625,250.3000030517578,262.3299865722656,160210900,0.0,0.0
2024-07-10,262.79998779296875,267.5899963378906,257.8599853515625,263.260009765625,128519400,0.0,0.0
2024-07-11,263.29998779296875,271.0,239.6499938964844,241.02999877929688,221707300,0.0,0.0
2024-07-12,235.8000030517578,251.83999633789065,233.08999633789065,248.22999572753903,155955800,0.0,0.0
2024-07-15,255.97000122070312,265.6000061035156,251.72999572753903,252.63999938964844,146912900,0.0,0.0
2024-07-16,255.3099975585937,258.6199951171875,245.8000030517578,256.5599975585937,126332500,0.0,0.0
2024-07-17,252.72999572753903,258.4700012207031,246.17999267578125,248.5,115584800,0.0,0.0
2024-07-18,251.08999633789065,257.1400146484375,247.1999969482422,249.22999572753903,110869000,0.0,0.0
2024-07-19,247.7899932861328,249.44000244140625,236.8300018310547,239.1999969482422,87403900,0.0,0.0
2024-07-22,244.2100067138672,253.2100067138672,243.75,251.509994506836,101225400,0.0,0.0
2024-07-23,253.6000061035156,255.759994506836,245.6300048828125,246.3800048828125,111928200,0.0,0.0
2024-07-24,225.4199981689453,225.9900054931641,214.7100067138672,215.9900054931641,167942900,0.0,0.0
2024-07-25,216.8000030517578,226.0,216.22999572753903,220.25,100636500,0.0,0.0
2024-07-26,221.19000244140625,222.27999877929688,215.3300018310547,219.8000030517578,94604100,0.0,0.0
2024-07-29,224.8999938964844,234.2700042724609,224.6999969482422,232.1000061035156,129201800,0.0,0.0
2024-07-30,232.25,232.4100036621093,220.0,222.6199951171875,100560300,0.0,0.0
2024-07-31,227.8999938964844,234.67999267578125,226.7899932861328,232.07000732421875,67497000,0.0,0.0
2024-08-01,227.69000244140625,231.8699951171875,214.3300018310547,216.8600006103516,83861900,0.0,0.0
2024-08-02,214.8800048828125,216.1300048828125,205.77999877929688,207.6699981689453,82880100,0.0,0.0
2024-08-05,185.22000122070312,203.8800048828125,182.0,198.8800048828125,100308800,0.0,0.0
2024-08-06,200.75,202.8999938964844,192.6699981689453,200.63999938964844,73783900,0.0,0.0
2024-08-07,200.7700042724609,203.4900054931641,191.47999572753903,191.759994506836,71159800,0.0,0.0
2024-08-08,195.6999969482422,200.6999969482422,192.0399932861328,198.83999633789065,65033900,0.0,0.0
2024-08-09,197.0500030517578,200.8800048828125,195.1100006103516,200.0,58648300,0.0,0.0
2024-08-12,199.0200042724609,199.259994506836,194.6699981689453,197.4900054931641,64044900,0.0,0.0
2024-08-13,198.47000122070312,208.4900054931641,197.0599975585937,207.8300018310547,76247400,0.0,0.0
2024-08-14,207.38999938964844,208.44000244140625,198.75,201.3800048828125,70250000,0.0,0.0
2024-08-15,205.0200042724609,215.8800048828125,204.82000732421875,214.13999938964844,89848500,0.0,0.0
2024-08-16,211.1499938964844,219.8000030517578,210.8000030517578,216.1199951171875,88765100,0.0,0.0
2024-08-19,217.07000732421875,222.97999572753903,214.08999633789065,222.72000122070312,76435200,0.0,0.0
2024-08-20,224.8800048828125,228.22000122070312,219.5599975585937,221.1000061035156,74001200,0.0,0.0
2024-08-21,222.6699981689453,224.6600036621093,218.8600006103516,223.2700042724609,70146000,0.0,0.0
2024-08-22,223.82000732421875,224.8000030517578,210.32000732421875,210.6600036621093,79514500,0.0,0.0
2024-08-23,214.4600067138672,221.47999572753903,214.2100067138672,220.32000732421875,81525200,0.0,0.0
2024-08-26,218.75,219.08999633789065,211.009994506836,213.2100067138672,59301200,0.0,0.0
2024-08-27,213.25,215.6600036621093,206.94000244140625,209.2100067138672,62821400,0.0,0.0
2024-08-28,209.72000122070312,211.83999633789065,202.58999633789065,205.75,64116400,0.0,0.0
2024-08-29,209.8000030517578,214.88999938964844,205.97000122070312,206.27999877929688,62308800,0.0,0.0
2024-08-30,208.6300048828125,214.57000732421875,207.02999877929688,214.1100006103516,63370600,0.0,0.0
2024-09-03,215.259994506836,219.8999938964844,209.63999938964844,210.6000061035156,76714200,0.0,0.0
2024-09-04,210.58999633789065,222.22000122070312,210.57000732421875,219.4100036621093,80651800,0.0,0.0
2024-09-05,223.4900054931641,235.0,222.25,230.1699981689453,119355000,0.0,0.0
2024-09-06,232.6000061035156,233.6000061035156,210.509994506836,210.72999572753903,112177000,0.0,0.0
2024-09-09,216.1999969482422,219.8699951171875,213.6699981689453,216.2700042724609,67443500,0.0,0.0
2024-09-10,220.07000732421875,226.3999938964844,218.63999938964844,226.1699981689453,78891100,0.0,0.0
2024-09-11,224.5500030517578,228.47000122070312,216.8000030517578,228.1300048828125,83548600,0.0,0.0
2024-09-12,224.6600036621093,231.4499969482422,223.8300018310547,229.8099975585937,72020000,0.0,0.0
2024-09-13,228.0,232.6699981689453,226.32000732421875,230.2899932861328,59515100,0.0,0.0
2024-09-16,229.3000030517578,229.9600067138672,223.52999877929688,226.77999877929688,54323000,0.0,0.0
2024-09-17,229.4499969482422,234.57000732421875,226.5500030517578,227.8699951171875,66761600,0.0,0.0
2024-09-18,230.08999633789065,235.67999267578125,226.8800048828125,227.1999969482422,78010200,0.0,0.0
2024-09-19,234.0,244.2400054931641,232.1300048828125,243.9199981689453,102694600,0.0,0.0
2024-09-20,241.5200042724609,243.9900054931641,235.9199981689453,238.25,99879100,0.0,0.0
2024-09-23,242.6100006103516,250.0,241.9199981689453,250.0,86927200,0.0,0.0
2024-09-24,254.0800018310547,257.19000244140625,249.0500030517578,254.2700042724609,88491000,0.0,0.0
2024-09-25,252.5399932861328,257.04998779296875,252.27999877929688,257.0199890136719,65034300,0.0,0.0
2024-09-26,260.6000061035156,261.75,251.52999877929688,254.22000122070312,67142200,0.0,0.0
2024-09-27,257.3800048828125,260.70001220703125,254.1199951171875,260.4599914550781,70988100,0.0,0.0
2024-09-30,259.0400085449219,264.8599853515625,255.7700042724609,261.6300048828125,80705700,0.0,0.0
2024-10-01,262.6700134277344,263.9800109863281,248.52999877929688,258.0199890136719,87397600,0.0,0.0
2024-10-02,247.5500030517578,251.1600036621093,241.5,249.0200042724609,93983900,0.0,0.0
2024-10-03,244.47999572753903,249.7899932861328,237.8099975585937,240.6600036621093,80729200,0.0,0.0
2024-10-04,246.69000244140625,250.9600067138672,244.5800018310547,250.0800018310547,86573200,0.0,0.0
2024-10-07,249.0,249.8300018310547,240.6999969482422,240.8300018310547,68113300,0.0,0.0
2024-10-08,243.5599975585937,246.2100067138672,240.5599975585937,244.5,56303200,0.0,0.0
2024-10-09,243.82000732421875,247.42999267578125,239.509994506836,241.0500030517578,66289500,0.0,0.0
2024-10-10,241.8099975585937,242.7899932861328,232.33999633789065,238.7700042724609,83087100,0.0,0.0
2024-10-11,220.1300048828125,223.33999633789065,214.3800048828125,217.8000030517578,142628900,0.0,0.0
2024-10-14,220.1300048828125,221.9100036621093,213.7400054931641,219.1600036621093,86291900,0.0,0.0
2024-10-15,220.009994506836,224.259994506836,217.1199951171875,219.57000732421875,62988800,0.0,0.0
2024-10-16,221.3999938964844,222.82000732421875,218.92999267578125,221.3300018310547,49632800,0.0,0.0
2024-10-17,221.58999633789065,222.0800018310547,217.8999938964844,220.88999938964844,50791800,0.0,0.0
2024-10-18,220.7100067138672,222.27999877929688,219.22999572753903,220.6999969482422,49611900,0.0,0.0
2024-10-21,218.8999938964844,220.47999572753903,215.72999572753903,218.8500061035156,47329000,0.0,0.0
2024-10-22,217.3099975585937,218.22000122070312,215.259994506836,217.97000122070312,43268700,0.0,0.0
2024-10-23,217.1300048828125,218.72000122070312,212.1100006103516,213.6499938964844,80938900,0.0,0.0
2024-10-24,244.67999267578125,262.1199951171875,242.6499938964844,260.4800109863281,204491900,0.0,0.0
2024-10-25,256.010009765625,269.489990234375,255.32000732421875,269.19000244140625,161611900,0.0,0.0
2024-10-28,270.0,273.5400085449219,262.239990234375,262.510009765625,107653600,0.0,0.0
2024-10-29,264.510009765625,264.9800109863281,255.509994506836,259.5199890136719,80521800,0.0,0.0
2024-10-30,258.0400085449219,263.3500061035156,255.82000732421875,257.54998779296875,53993600,0.0,0.0
2024-10-31,257.989990234375,259.75,249.25,249.8500061035156,66575300,0.0,0.0
2024-11-01,252.0399932861328,254.0,246.6300048828125,248.97999572753903,57544800,0.0,0.0
2024-11-04,244.5599975585937,248.8999938964844,238.8800048828125,242.83999633789065,68802400,0.0,0.0
2024-11-05,247.33999633789065,255.27999877929688,246.2100067138672,251.44000244140625,69282500,0.0,0.0
2024-11-06,284.6700134277344,289.5899963378906,275.6199951171875,288.5299987792969,165228700,0.0,0.0
2024-11-07,288.8900146484375,299.75,285.5199890136719,296.9100036621094,117309200,0.0,0.0
2024-11-08,299.1400146484375,328.7099914550781,297.6600036621094,321.2200012207031,204782800,0.0,0.0
2024-11-11,346.29998779296875,358.6400146484375,336.0,350.0,210521600,0.0,0.0
2024-11-12,342.739990234375,345.8399963378906,323.3099975585937,328.489990234375,155726000,0.0,0.0
2024-11-13,335.8500061035156,344.6000061035156,322.5,330.239990234375,125405600,0.0,0.0
2024-11-14,327.69000244140625,329.9800109863281,310.3699951171875,311.17999267578125,120726100,0.0,0.0
2024-11-15,310.57000732421875,324.67999267578125,309.2200012207031,320.7200012207031,114440300,0.0,0.0
2024-11-18,340.7300109863281,348.54998779296875,330.010009765625,338.739990234375,126547500,0.0,0.0
2024-11-19,335.760009765625,347.3800048828125,332.75,346.0,88852500,0.0,0.0
2024-11-20,345.0,346.6000061035156,334.29998779296875,342.0299987792969,66340700,0.0,0.0
2024-11-21,343.8099975585937,347.989990234375,335.2799987792969,339.6400146484375,58011700,0.0,0.0
2024-11-22,341.0899963378906,361.5299987792969,337.70001220703125,352.5599975585937,89140700,0.0,0.0
2024-11-25,360.1400146484375,361.9299926757813,338.20001220703125,338.5899963378906,95890900,0.0,0.0
2024-11-26,341.0,346.9599914550781,335.6600036621094,338.2300109863281,62295900,0.0,0.0
2024-11-27,341.79998779296875,342.54998779296875,326.5899963378906,332.8900146484375,57896400,0.0,0.0
2024-11-29,336.0799865722656,345.45001220703125,334.6499938964844,345.1600036621094,37167600,0.0,0.0
2024-12-02,352.3800048828125,360.0,351.1499938964844,357.0899963378906,77986500,0.0,0.0
2024-12-03,351.79998779296875,355.69000244140625,348.20001220703125,351.4200134277344,58267200,0.0,0.0
2024-12-04,353.0,358.1000061035156,348.6000061035156,357.92999267578125,50810900,0.0,0.0
2024-12-05,359.8699951171875,375.4299926757813,359.5,369.489990234375,81403600,0.0,0.0
2024-12-06,377.4200134277344,389.489990234375,370.7999877929688,389.2200012207031,81455800,0.0,0.0
2024-12-09,397.6099853515625,404.7999877929688,378.010009765625,389.7900085449219,96359200,0.0,0.0
2024-12-10,392.6799926757813,409.7300109863281,390.8500061035156,400.989990234375,97563600,0.0,0.0
2024-12-11,409.7000122070313,424.8800048828125,402.3800048828125,424.7699890136719,104287600,0.0,0.0
2024-12-12,424.8399963378906,429.2999877929688,415.0,418.1000061035156,87752200,0.0,0.0
2024-12-13,420.0,436.2999877929688,415.7099914550781,436.2300109863281,89000200,0.0,0.0
2024-12-16,441.0899963378906,463.1900024414063,436.1499938964844,463.0199890136719,114083800,0.0,0.0
2024-12-17,475.8999938964844,483.989990234375,457.510009765625,479.8599853515625,131223000,0.0,0.0
2024-12-18,466.5,488.5400085449219,427.010009765625,440.1300048828125,149340800,0.0,0.0
2024-12-19,451.8800048828125,456.3599853515625,420.0199890136719,436.1700134277344,118566100,0.0,0.0
2024-12-20,425.510009765625,447.0799865722656,417.6400146484375,421.05999755859375,132216200,0.0,0.0
2024-12-23,431.0,434.510009765625,415.4100036621094,430.6000061035156,72698100,0.0,0.0
2024-12-24,435.8999938964844,462.7799987792969,435.1400146484375,462.2799987792969,59551800,0.0,0.0
2024-12-26,465.1600036621094,465.3299865722656,451.0199890136719,454.1300048828125,76366400,0.0,0.0
2024-12-27,449.5199890136719,450.0,426.5,431.6600036621094,82666800,0.0,0.0
2024-12-30,419.3999938964844,427.0,415.75,417.4100036621094,64941000,0.0,0.0
2024-12-31,423.7900085449219,427.9299926757813,402.5400085449219,403.8399963378906,76825100,0.0,0.0
2025-01-02,390.1000061035156,392.7300109863281,373.0400085449219,379.2799987792969,109710700,0.0,0.0
2025-01-03,381.4800109863281,411.8800048828125,379.4500122070313,410.4400024414063,95423300,0.0,0.0
2025-01-06,423.2000122070313,426.4299926757813,401.7000122070313,411.0499877929688,85516500,0.0,0.0
2025-01-07,405.8299865722656,414.3299865722656,390.0,394.3599853515625,75699500,0.0,0.0
2025-01-08,392.9500122070313,402.5,387.3999938964844,394.9400024414063,73038800,0.0,0.0
2025-01-10,391.3999938964844,399.2799987792969,377.2900085449219,394.739990234375,62287300,0.0,0.0
2025-01-13,383.2099914550781,403.7900085449219,380.0700073242188,403.30999755859375,67580500,0.0,0.0
2025-01-14,414.3399963378906,422.6400146484375,394.5400085449219,396.3599853515625,84565000,0.0,0.0
2025-01-15,409.8999938964844,429.7999877929688,405.6600036621094,428.2200012207031,81375500,0.0,0.0
2025-01-16,423.489990234375,424.0,409.1300048828125,413.8200073242188,68335200,0.0,0.0
2025-01-17,421.5,439.739990234375,419.75,426.5,94991400,0.0,0.0
2025-01-21,432.6400146484375,433.2000122070313,406.30999755859375,424.0700073242188,87320900,0.0,0.0
2025-01-22,416.80999755859375,428.0,414.5899963378906,415.1099853515625,60963300,0.0,0.0
2025-01-23,416.05999755859375,420.7300109863281,408.9500122070313,412.3800048828125,50690600,0.0,0.0
2025-01-24,414.4500122070313,418.8800048828125,405.7799987792969,406.5799865722656,56427100,0.0,0.0
2025-01-27,394.7999877929688,406.6900024414063,389.0,397.1499938964844,58125500,0.0,0.0
2025-01-28,396.9100036621094,400.5899963378906,386.5,398.0899963378906,48910700,0.0,0.0
2025-01-29,395.2099914550781,398.5899963378906,384.4800109863281,389.1000061035156,68033600,0.0,0.0
2025-01-30,410.7799987792969,412.5,384.4100036621094,400.2799987792969,98092900,0.0,0.0
2025-01-31,401.5299987792969,419.989990234375,401.3399963378906,404.6000061035156,83568200,0.0,0.0
2025-02-03,386.6799926757813,389.1700134277344,374.3599853515625,383.6799926757813,93732100,0.0,0.0
2025-02-04,382.6300048828125,394.0,381.3999938964844,392.2099914550781,57072200,0.0,0.0
2025-02-05,387.510009765625,388.3900146484375,375.5299987792969,378.1700134277344,57223300,0.0,0.0
2025-02-06,373.0299987792969,375.3999938964844,363.1799926757813,374.3200073242188,77918200,0.0,0.0
2025-02-07,370.1900024414063,380.5499877929688,360.3399963378906,361.6199951171875,70298300,0.0,0.0
2025-02-10,356.2099914550781,362.7000122070313,350.510009765625,350.7300109863281,77514900,0.0,0.0
2025-02-11,345.79998779296875,349.3699951171875,325.1000061035156,328.5,118543400,0.0,0.0
2025-02-12,329.94000244140625,346.3999938964844,329.1199951171875,336.510009765625,105382700,0.0,0.0
2025-02-13,345.0,358.69000244140625,342.8500061035156,355.94000244140625,89441500,0.0,0.0
2025-02-14,360.6199951171875,362.0,347.5,355.8399963378906,68277300,0.0,0.0
2025-02-18,355.010009765625,359.1000061035156,350.0199890136719,354.1099853515625,51631700,0.0,0.0
2025-02-19,354.0,367.3399963378906,353.6700134277344,360.55999755859375,67094400,0.0,0.0
2025-02-20,361.510009765625,362.2999877929688,348.0,354.3999938964844,45965400,0.0,0.0
2025-02-21,353.44000244140625,354.9800109863281,334.4200134277344,337.79998779296875,74058600,0.0,0.0
2025-02-24,338.1400146484375,342.3999938964844,324.70001220703125,330.5299987792969,76052300,0.0,0.0
2025-02-25,327.0199890136719,328.8900146484375,297.25,302.79998779296875,134228800,0.0,0.0
2025-02-26,303.7099914550781,309.0,288.0400085449219,290.79998779296875,100118300,0.0,0.0
2025-02-27,291.1600036621094,297.2300109863281,280.8800048828125,281.95001220703125,101748200,0.0,0.0
2025-02-28,279.5,293.8800048828125,273.6000061035156,292.9800109863281,115697000,0.0,0.0
2025-03-03,300.3399963378906,303.94000244140625,277.29998779296875,284.6499938964844,115551400,0.0,0.0
2025-03-04,270.92999267578125,284.3500061035156,261.8399963378906,272.0400085449219,126706600,0.0,0.0
2025-03-05,272.9200134277344,279.54998779296875,267.7099914550781,279.1000061035156,94042900,0.0,0.0
2025-03-06,272.0599975585937,272.6499938964844,260.0199890136719,263.45001220703125,98451600,0.0,0.0
2025-03-07,259.32000732421875,266.25,250.72999572753903,262.6700134277344,102369600,0.0,0.0
2025-03-10,252.5399932861328,253.3699951171875,220.0,222.1499938964844,189076900,0.0,0.0
2025-03-11,225.3099975585937,237.0599975585937,217.0200042724609,230.5800018310547,174896400,0.0,0.0
2025-03-12,247.22000122070312,251.83999633789065,241.1000061035156,248.08999633789065,142215700,0.0,0.0
2025-03-13,248.1300048828125,248.2899932861328,232.6000061035156,240.67999267578125,114813500,0.0,0.0
2025-03-14,247.3099975585937,251.5800018310547,240.72999572753903,249.97999572753903,100242300,0.0,0.0
2025-03-17,245.0599975585937,245.3999938964844,232.8000030517578,238.009994506836,111900600,0.0,0.0
2025-03-18,228.1600036621093,230.1000061035156,222.27999877929688,225.3099975585937,111477600,0.0,0.0
2025-03-19,231.6100006103516,241.4100036621093,229.1999969482422,235.8600006103516,111993800,0.0,0.0
2025-03-20,233.3500061035156,238.0,230.0500030517578,236.259994506836,99028300,0.0,0.0
2025-03-21,234.9900054931641,249.5200042724609,234.5500030517578,248.7100067138672,132728700,0.0,0.0
2025-03-24,258.0799865722656,278.6400146484375,256.3299865722656,278.3900146484375,169079900,0.0,0.0
2025-03-25,283.6000061035156,288.20001220703125,271.2799987792969,288.1400146484375,150361500,0.0,0.0
2025-03-26,282.6600036621094,284.8999938964844,266.510009765625,272.0599975585937,153629800,0.0,0.0
2025-03-27,272.4800109863281,291.8500061035156,271.82000732421875,273.1300048828125,162572100,0.0,0.0
2025-03-28,275.5799865722656,276.1000061035156,260.57000732421875,263.54998779296875,123809400,0.0,0.0
2025-03-31,249.3099975585937,260.5599975585937,243.3600006103516,259.1600036621094,134008900,0.0,0.0
2025-04-01,263.79998779296875,277.45001220703125,259.25,268.4599914550781,146486900,0.0,0.0
2025-04-02,254.6000061035156,284.989990234375,251.2700042724609,282.760009765625,212787800,0.0,0.0
2025-04-03,265.2900085449219,276.29998779296875,261.510009765625,267.2799987792969,136174300,0.0,0.0
2025-04-04,255.3800048828125,261.0,236.0,239.42999267578125,181229400,0.0,0.0
2025-04-07,223.77999877929688,252.0,214.25,233.2899932861328,183453800,0.0,0.0
2025-04-08,245.0,250.44000244140625,217.8000030517578,221.8600006103516,171603500,0.0,0.0
2025-04-09,224.69000244140625,274.69000244140625,223.8800048828125,272.20001220703125,219433400,0.0,0.0
2025-04-10,260.0,262.489990234375,239.3300018310547,252.3999938964844,181722600,0.0,0.0
2025-04-11,251.83999633789065,257.739990234375,241.3600006103516,252.3099975585937,128948100,0.0,0.0
2025-04-14,258.3599853515625,261.79998779296875,245.92999267578125,252.3500061035156,100135200,0.0,0.0
2025-04-15,249.9100036621093,258.75,247.5399932861328,254.1100006103516,79594300,0.0,0.0
2025-04-16,247.6100006103516,251.97000122070312,233.88999938964844,241.5500030517578,112378700,0.0,0.0
2025-04-17,243.47000122070312,244.33999633789065,237.67999267578125,241.3699951171875,83404800,0.0,0.0
2025-04-21,230.259994506836,232.2100067138672,222.7899932861328,227.5,97768000,0.0,0.0
2025-04-22,230.9600067138672,242.7899932861328,229.8500061035156,237.97000122070312,120858500,0.0,0.0
2025-04-23,254.8600006103516,259.45001220703125,244.42999267578125,250.7400054931641,150381900,0.0,0.0
2025-04-24,250.5,259.5400085449219,249.1999969482422,259.510009765625,94464200,0.0,0.0
2025-04-25,261.69000244140625,286.8500061035156,259.6300048828125,284.95001220703125,167560700,0.0,0.0
2025-04-28,288.9800109863281,294.8599853515625,272.4200134277344,285.8800048828125,151731800,0.0,0.0
2025-04-29,285.5,293.32000732421875,279.4700012207031,292.0299987792969,108906600,0.0,0.0
2025-04-30,279.8999938964844,284.45001220703125,270.7799987792969,282.1600036621094,128961100,0.0,0.0
2025-05-01,280.010009765625,290.8699951171875,279.8099975585937,280.5199890136719,99659000,0.0,0.0
2025-05-02,284.8999938964844,294.7799987792969,279.8099975585937,287.2099914550781,114454700,0.0,0.0
2025-05-05,284.57000732421875,284.8500061035156,274.3999938964844,280.260009765625,94618900,0.0,0.0
2025-05-06,273.1099853515625,277.7300109863281,271.3500061035156,275.3500061035156,76715800,0.0,0.0
2025-05-07,276.8800048828125,277.9200134277344,271.010009765625,276.2200012207031,70746362,0.0,0.0
2025-05-08,279.6300048828125,289.79998779296875,279.4100036621094,284.82000732421875,96444541,0.0,0.0
2025-05-09,290.1849975585937,307.0400085449219,290.0390014648437,298.5400085449219,107616280,0.0,0.0
2025-05-09,290.1849975585937,307.0400085449219,290.0390014648437,298.260009765625,130534393,0.0,0.0
2025-05-09,290.1849975585937,307.0400085449219,290.0390014648437,298.260009765625,130534393,0.0,0.0
2025-05-09,290.1849975585937,307.0400085449219,290.0390014648437,298.260009765625,132387835,0.0,0.0
2025-05-12,321.9349975585937,322.20001220703125,311.5,318.3800048828125,112300787,0.0,0.0
2025-05-13,319.9549865722656,337.5893859863281,316.79998779296875,334.07000732421875,135828350,0.0,0.0
2025-05-14,342.4599914550781,350.0,337.0,347.67999267578125,135745522,0.0,0.0
2025-05-15,340.3450012207031,346.1393127441406,334.7153015136719,342.82000732421875,97307620,0.0,0.0
2025-05-16,346.06500244140625,351.6199951171875,342.3299865722656,349.9800109863281,90797726,0.0,0.0
2025-05-16,346.06500244140625,351.6199951171875,342.3299865722656,349.9800109863281,90797726,0.0,0.0
2025-05-16,346.06500244140625,351.6199951171875,342.3299865722656,349.9800109863281,95895665,0.0,0.0
2025-05-19,336.3399963378906,343.0,333.3800048828125,342.0899963378906,88178277,0.0,0.0
2025-05-20,347.94000244140625,354.9804077148437,341.6300048828125,343.82000732421875,128208786,0.0,0.0
2025-05-21,344.42999267578125,347.3500061035156,332.20001220703125,334.6199951171875,101921300,0.0,0.0
2025-05-22,331.94000244140625,347.2699890136719,331.3900146484375,341.0400085449219,96092000,0.0,0.0
2025-05-23,337.9200134277344,343.17999267578125,333.2099914550781,339.3399963378906,84439200,0.0,0.0
2025-05-23,337.5150146484375,343.17999267578125,333.2099914550781,339.3399963378906,84011168,0.0,0.0
2025-05-23,337.5150146484375,343.17999267578125,333.2099914550781,339.3399963378906,84654818,0.0,0.0
2025-05-23,337.5150146484375,343.17999267578125,333.2099914550781,339.3399963378906,84654818,0.0,0.0
2025-05-27,347.3500061035156,363.7900085449219,347.32000732421875,362.8900146484375,117972373,0.0,0.0
2025-05-28,364.8399963378906,365.0,355.9100036621094,356.8999938964844,89658533,0.0,0.0
2025-05-29,365.2900085449219,367.7099914550781,356.0,358.42999267578125,87309442,0.0,0.0
2025-05-30,355.5799865722656,363.6799926757813,345.2900085449219,346.4599914550781,122775188,0.0,0.0
2025-05-30,355.5799865722656,363.6799926757813,345.2900085449219,346.4599914550781,122775188,0.0,0.0
2025-05-30,355.5799865722656,363.6799926757813,345.2900085449219,346.4599914550781,123474938,0.0,0.0
2025-06-02,343.6400146484375,348.010009765625,333.3299865722656,342.69000244140625,81343048,0.0,0.0
2025-06-03,346.6000061035156,355.3999938964844,343.0400085449219,344.2699890136719,98961200,0.0,0.0
2025-06-04,345.0950012207031,345.6000061035156,327.330810546875,332.04998779296875,97421127,0.0,0.0
2025-06-05,322.489990234375,324.5498962402344,273.2099914550781,284.70001220703125,278743770,0.0,0.0
2025-06-06,298.8299865722656,305.5,291.1400146484375,295.1400146484375,163824100,0.0,0.0
2025-06-06,298.8349914550781,305.5,291.1401062011719,295.1400146484375,160927175,0.0,0.0
2025-06-06,298.8349914550781,305.5,291.1401062011719,295.1400146484375,164747685,0.0,0.0
2025-06-09,285.9200134277344,309.8299865722656,281.8500061035156,308.5799865722656,135211888,0.0,0.0
2025-06-10,314.94000244140625,327.8299865722656,310.6700134277344,326.0899963378906,150429600,0.0,0.0
2025-06-11,334.3949890136719,335.5,322.7699890136719,326.42999267578125,121362251,0.0,0.0
2025-06-12,323.07501220703125,332.54998779296875,316.8800048828125,319.1099853515625,103663013,0.0,0.0
2025-06-13,313.9700012207031,332.989990234375,313.29998779296875,325.3099975585937,128495300,0.0,0.0
2025-06-13,314.0,332.9800109863281,313.29998779296875,325.3099975585937,128266351,0.0,0.0
2025-06-13,314.0,332.9800109863281,313.29998779296875,325.3099975585937,128266351,0.0,0.0
2025-06-16,331.17999267578125,332.04998779296875,326.4100036621094,329.1300048828125,82528502,0.0,0.0
2025-06-17,326.0199890136719,327.260009765625,314.75,316.3500061035156,87708350,0.0,0.0
2025-06-18,317.29998779296875,329.29998779296875,315.45001220703125,322.04998779296875,94307900,0.0,0.0
2025-06-18,317.29998779296875,329.29998779296875,315.45001220703125,322.04998779296875,94307900,0.0,0.0
2025-06-20,327.95001220703125,332.3599853515625,317.7799987792969,322.1600036621094,108274100,0.0,0.0
2025-06-20,327.8099975585937,332.3599853515625,317.7799987792969,322.1600036621094,107635531,0.0,0.0
2025-06-20,327.8099975585937,332.3599853515625,317.7799987792969,322.1600036621094,108688008,0.0,0.0
2025-06-23,327.5400085449219,357.5400085449219,327.4800109863281,348.67999267578125,188609800,0.0,0.0
2025-06-24,356.1600036621094,356.2598876953125,340.44000244140625,340.4700012207031,110674464,0.0,0.0
2025-06-25,342.70001220703125,343.0,320.3999938964844,327.54998779296875,119446200,0.0,0.0
2025-06-26,324.6099853515625,331.04998779296875,324.5588073730469,325.7799987792969,80094609,0.0,0.0
2025-06-27,324.510009765625,329.3399963378906,317.5,323.6300048828125,88826400,0.0,0.0
2025-06-27,324.4700012207031,329.3392944335937,317.4949951171875,323.6300048828125,88619492,0.0,0.0
2025-06-27,324.4700012207031,329.3392944335937,317.4949951171875,323.7869873046875,89067049,0.0,0.0
2025-06-30,319.8999938964844,325.57989501953125,316.6000061035156,317.6600036621094,73793878,0.0,0.0
2025-07-01,298.4599914550781,305.8900146484375,293.2099914550781,300.7099914550781,144607600,0.0,0.0
2025-07-02,312.57501220703125,316.8320007324219,303.82000732421875,315.6499938964844,118838749,0.0,0.0
2025-07-03,317.95001220703125,318.45001220703125,312.760009765625,315.3500061035156,58042302,0.0,0.0
2025-07-03,317.95001220703125,318.45001220703125,312.760009765625,315.3500061035156,58042302,0.0,0.0
2025-07-03,317.95001220703125,318.45001220703125,312.760009765625,315.3500061035156,58042302,0.0,0.0
2025-07-03,317.95001220703125,318.45001220703125,312.760009765625,315.3500061035156,58042302,0.0,0.0
2025-07-07,291.3699951171875,296.1499938964844,288.7701110839844,293.94000244140625,130122655,0.0,0.0
2025-07-08,297.0,304.04998779296875,294.3500061035156,297.8099975585937,102736500,0.0,0.0
2025-07-09,297.6050109863281,300.1499938964844,293.54998779296875,295.8800048828125,74523889,0.0,0.0
2025-07-10,300.13018798828125,310.4800109863281,300.0,309.8699951171875,103503743,0.0,0.0
2025-07-11,307.6199951171875,314.0899963378906,305.6600036621094,313.510009765625,77499572,0.0,0.0
2025-07-11,307.6199951171875,314.0899963378906,305.6600036621094,313.510009765625,77499572,0.0,0.0
2025-07-11,307.6199951171875,314.0899963378906,305.6600036621094,313.510009765625,79236442,0.0,0.0
2025-07-14,317.7300109863281,322.5986022949219,312.6700134277344,316.8999938964844,77330880,0.0,0.0
2025-07-15,319.67498779296875,321.20001220703125,310.5,310.7799987792969,76805227,0.0,0.0
2025-07-16,312.79998779296875,323.5,312.6300048828125,321.6700134277344,96170401,0.0,0.0
2025-07-17,323.1099853515625,324.3399963378906,317.060302734375,319.4100036621094,73310775,0.0,0.0
2025-07-18,321.6600036621094,330.8999938964844,321.4200134277344,329.6499938964844,94010900,0.0,0.0
2025-07-18,322.0,330.8999938964844,321.4200134277344,329.6499938964844,93624355,0.0,0.0
2025-07-18,322.0,330.8999938964844,321.4200134277344,329.6499938964844,94254993,0.0,0.0
2025-07-21,334.3599853515625,338.0,326.8800048828125,328.489990234375,73624128,0.0,0.0
2025-07-22,329.739990234375,335.4100036621094,321.54998779296875,332.1099853515625,76974300,0.0,0.0
2025-07-23,330.8699951171875,336.1700134277344,328.6700134277344,332.5599975585937,76007066,0.0,0.0
2025-07-24,310.06500244140625,310.06500244140625,300.4100036621094,305.29998779296875,156024571,0.0,0.0
2025-07-25,308.739990234375,323.6300048828125,308.010009765625,316.0599975585937,147147702,0.0,0.0
2025-07-25,308.739990234375,323.6300048828125,308.010009765625,316.0599975585937,147147702,0.0,0.0
2025-07-25,308.739990234375,323.6300048828125,308.010009765625,316.0599975585937,148227027,0.0,0.0
2025-07-28,318.2099914550781,330.4800109863281,315.69000244140625,325.5899963378906,109818684,0.0,0.0
2025-07-29,325.54998779296875,326.25,318.25,321.20001220703125,87136300,0.0,0.0
2025-07-30,322.19500732421875,324.44989013671875,311.6174011230469,319.0400085449219,83406687,0.0,0.0
2025-07-31,319.6099853515625,321.3699951171875,306.1000061035156,308.2699890136719,84932800,0.0,0.0
2025-08-01,306.2099914550781,309.3099975585937,297.82000732421875,302.6300048828125,88838600,0.0,0.0
2025-08-01,306.2049865722656,309.3099975585937,297.82000732421875,302.6300048828125,88358015,0.0,0.0
2025-08-01,306.2049865722656,309.3099975585937,297.82000732421875,302.6300048828125,88358015,0.0,0.0
2025-08-04,309.0799865722656,312.1199951171875,303.0,309.260009765625,78529700,0.0,0.0
2025-08-05,308.95001220703125,312.44989013671875,305.5,308.7200012207031,57623824,0.0,0.0
2025-08-06,307.8900146484375,320.4700012207031,306.92999267578125,319.9100036621094,78209200,0.0,0.0
2025-08-07,319.6099853515625,322.3999938964844,316.1600036621094,322.2699890136719,65362941,0.0,0.0
2025-08-08,321.42999267578125,335.1499938964844,320.9800109863281,329.6499938964844,91006400,0.0,0.0
2025-08-08,321.42999267578125,334.989990234375,320.9800109863281,329.6499938964844,90602186,0.0,0.0
2025-08-08,321.42999267578125,334.989990234375,320.9800109863281,329.67498779296875,91200319,0.0,0.0
2025-08-11,335.0,346.6400146484375,334.1499938964844,339.0299987792969,103663869,0.0,0.0
2025-08-12,345.04998779296875,345.260009765625,332.94000244140625,340.8399963378906,79817673,0.0,0.0
2025-08-13,341.69000244140625,348.9800109863281,338.2300109863281,339.3800048828125,65877316,0.0,0.0
2025-08-14,335.760009765625,340.46990966796875,330.3999938964844,335.5799865722656,72973667,0.0,0.0
2025-08-15,337.6549987792969,339.29998779296875,327.0199890136719,330.5599975585937,72949844,0.0,0.0
2025-08-15,337.6549987792969,339.29998779296875,327.0199890136719,330.5599975585937,72949844,0.0,0.0
2025-08-15,337.6549987792969,339.29998779296875,327.0199890136719,330.5599975585937,72949844,0.0,0.0
2025-08-18,329.5899963378906,336.2699890136719,329.5899963378906,335.1600036621094,56683707,0.0,0.0
2025-08-19,335.7900085449219,340.54998779296875,327.8500061035156,329.3099975585937,75104086,0.0,0.0
2025-08-20,329.2200012207031,331.3699951171875,314.6000061035156,323.8999938964844,77332600,0.0,0.0
2025-08-21,322.0,324.8999938964844,318.67999267578125,320.1099853515625,55110017,0.0,0.0
2025-08-22,321.6600036621094,340.25,319.69000244140625,340.010009765625,93588800,0.0,0.0
2025-08-22,321.6600036621094,340.25,319.69000244140625,340.010009765625,93186408,0.0,0.0
2025-08-22,321.6600036621094,340.25,319.69000244140625,340.010009765625,94016347,0.0,0.0
2025-08-25,338.8900146484375,349.5299987792969,335.0299987792969,346.6000061035156,86051914,0.0,0.0
2025-08-26,344.82000732421875,351.8999938964844,343.7200012207031,351.6700134277344,75381978,0.0,0.0
2025-08-27,351.94000244140625,355.3900146484375,349.156005859375,349.6000061035156,63612732,0.0,0.0
2025-08-28,350.9849853515625,353.54998779296875,340.2699890136719,345.9800109863281,66971936,0.0,0.0
2025-08-29,347.2300109863281,348.7499084472656,331.70001220703125,333.8699951171875,80774223,0.0,0.0
2025-08-29,347.2300109863281,348.7499084472656,331.70001220703125,333.8699951171875,80774223,0.0,0.0
2025-08-29,347.2300109863281,348.7499084472656,331.70001220703125,333.86199951171875,81145660,0.0,0.0
2025-08-29,347.2300109863281,348.7499084472656,331.70001220703125,333.86199951171875,81145660,0.0,0.0
2025-09-02,328.2300109863281,333.3283996582031,325.6000061035156,329.3599853515625,55808835,0.0,0.0
2025-09-03,335.1000061035156,343.3299865722656,328.510009765625,334.0899963378906,88169649,0.0,0.0
2025-09-04,336.1499938964844,338.8900146484375,331.4800109863281,338.5299987792969,60502800,0.0,0.0
2025-09-05,348.0,355.8699951171875,344.67999267578125,350.8399963378906,108771700,0.0,0.0
2025-09-05,347.9800109863281,355.8699951171875,344.6801147460937,350.8399963378906,108532744,0.0,0.0
2025-09-05,347.9800109863281,355.8699951171875,344.6801147460937,350.8399963378906,108989785,0.0,0.0
2025-09-08,354.68798828125,358.44000244140625,344.8399963378906,346.3999938964844,74332168,0.0,0.0
2025-09-09,348.45001220703125,350.760009765625,343.82000732421875,346.9700012207031,53585798,0.0,0.0
2025-09-10,350.54998779296875,356.3299865722656,346.07000732421875,347.7900085449219,71933500,0.0,0.0
2025-09-11,350.2200012207031,368.989990234375,347.6000061035156,368.80999755859375,102347050,0.0,0.0
2025-09-12,370.9800109863281,396.6899108886719,370.239990234375,395.9400024414063,161839906,0.0,0.0
2025-09-12,370.9800109863281,396.6899108886719,370.239990234375,395.9400024414063,161839906,0.0,0.0
2025-09-12,370.9800109863281,396.6899108886719,370.239990234375,395.9400024414063,168156391,0.0,0.0
2025-09-15,423.2000122070313,425.6998901367188,402.43011474609375,410.0400085449219,162978139,0.0,0.0
2025-09-16,414.4949951171875,423.25,411.4299926757813,421.6199951171875,102406877,0.0,0.0
2025-09-17,415.6050109863281,428.3121032714844,409.6700134277344,425.8599853515625,104184560,0.0,0.0
2025-09-18,428.8699951171875,432.2200012207031,416.55999755859375,416.8500061035156,90047600,0.0,0.0
2025-09-19,421.9700012207031,429.4700012207031,421.7200012207031,426.0700073242188,92115547,0.0,0.0
2025-09-19,421.9700012207031,429.4700012207031,421.7200012207031,426.0700073242188,92115547,0.0,0.0
2025-09-19,421.9700012207031,429.4700012207031,421.7200012207031,426.0700073242188,93131034,0.0,0.0
2025-09-22,431.1600036621094,444.9798889160156,429.1300048828125,434.2099914550781,95364542,0.0,0.0
2025-09-23,440.0150146484375,440.9700012207031,423.7200012207031,425.8500061035156,82571488,0.0,0.0
2025-09-24,429.8299865722656,444.2099914550781,429.0300903320313,442.7900085449219,90312197,0.0,0.0
2025-09-25,435.239990234375,435.2900085449219,419.0799865722656,423.3855895996094,96746426,0.0,0.0
2025-09-26,428.2999877929688,440.4700012207031,421.0199890136719,440.3999938964844,101332800,0.0,0.0
2025-09-26,428.385009765625,440.4700012207031,421.0199890136719,440.3999938964844,100135410,0.0,0.0
2025-09-26,428.385009765625,440.4700012207031,421.0199890136719,440.3999938964844,101628160,0.0,0.0
2025-09-29,444.3550109863281,450.9800109863281,439.5,443.2099914550781,78840639,0.0,0.0
2025-09-30,441.5899963378906,445.0,433.1199951171875,444.7200012207031,73336821,0.0,0.0
2025-10-01,443.739990234375,462.2900085449219,440.760009765625,459.4599914550781,97116635,0.0,0.0
2025-10-02,470.5400085449219,470.75,435.5700073242188,436.0,135146121,0.0,0.0
2025-10-03,443.2850036621094,446.7699890136719,416.5750122070313,429.8299865722656,132426362,0.0,0.0
2025-10-03,443.2850036621094,446.7699890136719,416.5750122070313,429.8299865722656,132426362,0.0,0.0
2025-10-03,443.2850036621094,446.7699890136719,416.5750122070313,429.8299865722656,133188180,0.0,0.0
2025-10-06,440.9100036621094,453.5499877929688,436.6900024414063,453.25,83863624,0.0,0.0
2025-10-07,447.8599853515625,452.6799926757813,432.4501037597656,433.0899963378906,99479964,0.0,0.0
2025-10-08,437.5700073242188,441.3299865722656,425.2300109863281,438.6900024414063,70176411,0.0,0.0
2025-10-09,431.7000122070313,436.3500061035156,426.1799926757813,435.5400085449219,68409177,0.0,0.0
2025-10-10,436.5,443.1300048828125,411.4500122070313,413.489990234375,106903098,0.0,0.0
2025-10-10,436.5,443.1300048828125,411.4500122070313,413.489990234375,106903098,0.0,0.0
2025-10-10,436.5,443.1300048828125,411.4500122070313,413.489990234375,112107870,0.0,0.0
2025-10-13,423.7000122070313,436.8900146484375,419.7000122070313,435.8999938964844,78973590,0.0,0.0
2025-10-14,426.7900085449219,434.2000122070313,417.8599853515625,429.239990234375,71541278,0.0,0.0
2025-10-15,434.7999877929688,440.510009765625,426.3301086425781,435.1499938964844,71222038,0.0,0.0
2025-10-16,434.75,439.3500061035156,421.3100891113281,428.75,76585693,0.0,0.0
2025-10-17,425.5,441.455810546875,423.6000061035156,439.30999755859375,87848438,0.0,0.0
2025-10-17,425.5,441.455810546875,423.6000061035156,439.30999755859375,87848438,0.0,0.0
2025-10-17,425.5,441.455810546875,423.6000061035156,439.30999755859375,89331578,0.0,0.0
2025-10-20,443.8699951171875,449.7999877929688,440.6099853515625,447.4299926757813,63719000,0.0,0.0
2025-10-21,445.7550048828125,449.2999877929688,442.0499877929688,442.6000061035156,52687985,0.0,0.0
2025-10-22,443.4500122070313,445.53900146484375,429.0,438.9700012207031,74396173,0.0,0.0
2025-10-23,420.1000061035156,449.39990234375,413.8999938964844,448.9800109863281,124437294,0.0,0.0
2025-10-24,446.9800109863281,451.6799926757813,430.1700134277344,433.7200012207031,93304824,0.0,0.0
2025-10-24,446.9800109863281,451.6799926757813,430.1700134277344,433.7200012207031,93304945,0.0,0.0
2025-10-24,446.9800109863281,451.6799926757813,430.1700134277344,433.7200012207031,93304945,0.0,0.0
2025-10-27,439.8900146484375,460.1600036621094,438.6900024414063,452.4200134277344,104897278,0.0,0.0
2025-10-28,454.6000061035156,467.0,451.6000061035156,460.5499877929688,79752079,0.0,0.0
2025-10-29,462.4249877929688,465.7000122070313,452.6499938964844,461.510009765625,66925771,0.0,0.0
2025-10-30,451.0499877929688,455.0606994628906,439.6099853515625,440.1000061035156,70914144,0.0,0.0
2025-10-31,446.7300109863281,457.7278137207031,443.68548583984375,456.55999755859375,82860666,0.0,0.0
2025-10-31,446.7300109863281,457.7278137207031,443.68548583984375,456.55999755859375,64198583,0.0,0.0
2025-10-31,446.7300109863281,457.7278137207031,443.68548583984375,456.55999755859375,64198583,0.0,0.0
2025-11-03,455.989990234375,474.0700073242188,453.7999877929688,468.3699951171875,84122035,0.0,0.0
2025-11-04,454.3699951171875,460.2200012207031,443.7999877929688,444.260009765625,86362980,0.0,0.0
2025-11-05,451.9200134277344,466.3298950195313,440.7099914550781,462.0700073242188,84761112,0.0,0.0
2025-11-06,461.9599914550781,467.4500122070313,435.0899963378906,445.9100036621094,104867157,0.0,0.0
2025-11-07,437.8900146484375,437.9425048828125,421.8800048828125,429.5199890136719,101473925,0.0,0.0
2025-11-07,437.8900146484375,437.9425048828125,421.8800048828125,429.5199890136719,101473925,0.0,0.0
2025-11-07,437.8900146484375,437.9425048828125,421.8800048828125,429.5199890136719,103471495,0.0,0.0
2025-11-10,439.6300048828125,449.6715087890625,433.3599853515625,445.2300109863281,75981546,0.0,0.0
2025-11-11,439.3999938964844,442.489990234375,432.3599853515625,439.6199951171875,59428663,0.0,0.0
2025-11-12,442.1099853515625,442.3290100097656,426.55999755859375,430.6000061035156,57091097,0.0,0.0
2025-11-13,423.1749877929688,424.5,396.4201049804688,401.989990234375,117922393,0.0,0.0
2025-11-14,386.239990234375,412.1900024414063,382.7799987792969,404.3500061035156,104137362,0.0,0.0
2025-11-14,386.239990234375,412.1900024414063,382.7799987792969,404.3500061035156,105506682,0.0,0.0
2025-11-14,386.239990234375,412.1900024414063,382.7799987792969,404.3500061035156,105506682,0.0,0.0
2025-11-17,398.8900146484375,423.9599914550781,398.8309020996094,408.9200134277344,99486157,0.0,0.0
2025-11-18,405.3800048828125,408.8999938964844,393.7099914550781,401.25,79779824,0.0,0.0
2025-11-19,406.2099914550781,411.7799987792969,398.5,403.989990234375,69087163,0.0,0.0
2025-11-20,414.6300048828125,428.9400024414063,394.739990234375,395.2300109863281,110597526,0.0,0.0
2025-11-21,402.2950134277344,402.7999877929688,383.760009765625,391.0899963378906,99125790,0.0,0.0
2025-11-21,402.2950134277344,402.7999877929688,383.760009765625,391.0899963378906,99125790,0.0,0.0
2025-11-21,402.2950134277344,402.7999877929688,383.760009765625,391.0899963378906,100460633,0.0,0.0
2025-11-24,402.1600036621094,421.7099914550781,401.0899963378906,417.7799987792969,96252383,0.0,0.0
2025-11-25,414.4100036621094,420.4800109863281,405.9500122070313,419.3999938964844,71833960,0.0,0.0
2025-11-26,423.9825134277344,426.9400024414063,416.8900146484375,426.5799865722656,62435860,0.0,0.0
2025-11-26,423.9825134277344,426.9400024414063,416.8900146484375,426.5799865722656,62435860,0.0,0.0
2025-11-28,426.4700012207031,432.9299926757813,426.2000122070313,430.1700134277344,36002475,0.0,0.0
2025-11-28,426.4700012207031,432.9299926757813,426.2000122070313,430.1700134277344,36002475,0.0,0.0
2025-11-28,426.4700012207031,432.9299926757813,426.2000122070313,430.1700134277344,36252861,0.0,0.0
2025-12-01,425.3200073242188,433.6600036621094,425.2900085449219,430.1400146484375,57307600,0.0,0.0
2025-12-02,430.9599914550781,436.7999877929688,422.1199951171875,429.239990234375,69308274,0.0,0.0
2025-12-03,431.8450012207031,447.9142150878906,431.1174011230469,446.739990234375,87062787,0.0,0.0
2025-12-04,449.6900024414063,454.6300048828125,445.3900146484375,454.5299987792969,70859932,0.0,0.0
2025-12-05,452.9700012207031,458.8699951171875,451.6600036621094,455.0,56190168,0.0,0.0
2025-12-05,452.9700012207031,458.8699951171875,451.6600036621094,455.0,56190168,0.0,0.0
2025-12-05,452.9700012207031,458.8699951171875,451.6600036621094,455.0,56427522,0.0,0.0
2025-12-08,447.364990234375,449.7463073730469,435.25,439.5799865722656,67133994,0.0,0.0
2025-12-09,437.6050109863281,452.3900146484375,435.7000122070313,445.1700134277344,60868108,0.0,0.0
2025-12-10,446.010009765625,456.8800048828125,443.6099853515625,451.4500122070313,60840302,0.0,0.0
2025-12-11,448.8250122070313,449.2698974609375,440.3299865722656,446.8900146484375,55139329,0.0,0.0
2025-12-12,448.0899963378906,463.010009765625,441.6700134277344,458.9599914550781,93562326,0.0,0.0
2025-12-12,448.0899963378906,463.010009765625,441.6700134277344,458.9599914550781,73773952,0.0,0.0
2025-12-12,448.0899963378906,463.010009765625,441.6700134277344,458.9599914550781,73773952,0.0,0.0
2025-12-15,469.2000122070313,481.7694091796875,467.66009521484375,475.30999755859375,113688935,0.0,0.0
2025-12-16,472.2850036621094,491.5,465.8299865722656,489.8800048828125,104578096,0.0,0.0
2025-12-17,488.2149963378906,495.239990234375,466.2000122070313,467.260009765625,104916333,0.0,0.0
2025-12-18,477.8999938964844,490.8599853515625,473.1199951171875,483.3699951171875,94595726,0.0,0.0
2025-12-19,488.5400085449219,490.489990234375,474.75,481.2000122070313,85986084,0.0,0.0
2025-12-19,488.5400085449219,490.489990234375,474.75,481.2000122070313,85986084,0.0,0.0
2025-12-19,488.5400085449219,490.489990234375,474.75,481.2000122070313,103305424,0.0,0.0
2025-12-22,489.8800048828125,498.8200073242188,485.3299865722656,488.7300109863281,86555000,0.0,0.0
2025-12-23,489.2999877929688,491.9400024414063,482.84478759765625,485.55999755859375,57943920,0.0,0.0
2025-12-24,488.5050048828125,490.8999938964844,476.7999877929688,485.3999938964844,41007937,0.0,0.0
2025-12-24,488.5050048828125,490.8999938964844,476.7999877929688,485.3999938964844,41007937,0.0,0.0
2025-12-26,485.2300109863281,489.0899963378906,473.8200073242188,475.1900024414063,58216274,0.0,0.0
2025-12-26,485.2300109863281,489.0899963378906,473.8200073242188,475.1900024414063,58216274,0.0,0.0
2025-12-26,485.2300109863281,489.0899963378906,473.8200073242188,475.1900024414063,58780659,0.0,0.0
2025-12-29,485.2300109863281,469.3999938964844,459.2999877929688,459.6400146484375,63214631,0.0,0.0
2025-12-30,461.0899963378906,463.1199951171875,453.8299865722656,454.4299926757813,58670435,0.0,0.0
2025-12-31,456.1000061035156,456.5499877929688,449.2999877929688,449.7200012207031,47771559,0.0,0.0
2025-12-31,456.1000061035156,456.5499877929688,449.2999877929688,449.7200012207031,47771559,0.0,0.0
2026-01-02,457.7799987792969,458.3299865722656,435.2999877929688,438.0700073242188,84769853,0.0,0.0
2026-01-02,457.7799987792969,458.3299865722656,435.2999877929688,438.0700073242188,84769853,0.0,0.0
2026-01-02,457.7799987792969,458.3299865722656,435.2999877929688,438.0700073242188,85535406,0.0,0.0
2026-01-05,447.7200012207031,457.5498962402344,444.5700073242188,451.6700134277344,67251801,0.0,0.0
2026-01-06,446.364990234375,448.2200012207031,428.7799987792969,432.9599914550781,88186450,0.0,0.0
2026-01-07,435.885009765625,438.3699951171875,431.30999755859375,431.4100036621094,58880190,0.0,0.0
2026-01-08,427.9299926757813,436.8900146484375,424.364990234375,435.7999877929688,55121032,0.0,0.0
2026-01-09,435.9450073242188,449.0499877929688,430.3900146484375,445.010009765625,66012462,0.0,0.0
2026-01-09,435.9450073242188,449.0499877929688,430.3900146484375,445.010009765625,66012462,0.0,0.0
2026-01-09,435.9450073242188,449.0499877929688,430.3900146484375,445.010009765625,67331456,0.0,0.0
2026-01-12,441.2250061035156,454.2999877929688,438.0,448.9599914550781,60331332,0.0,0.0
2026-01-13,450.2000122070313,451.80999755859375,443.9500122070313,447.2000122070313,52108534,0.0,0.0
2026-01-14,442.4299926757813,443.9100036621094,434.2300109863281,439.2000122070313,56731878,0.0,0.0
2026-01-15,441.125,445.3599853515625,437.6499938964844,438.5700073242188,47845404,0.0,0.0
2026-01-16,439.5150146484375,447.25,435.2601013183594,437.5,57439833,0.0,0.0
2026-01-16,439.5150146484375,447.25,435.2601013183594,437.5,57439833,0.0,0.0
2026-01-16,439.5150146484375,447.25,435.2601013183594,437.5199890136719,60220551,0.0,0.0
2026-01-16,439.5150146484375,447.25,435.2601013183594,437.5199890136719,60220551,0.0,0.0
2026-01-20,429.3450012207031,430.7250061035156,417.4400024414063,419.25,62351009,0.0,0.0
2026-01-21,421.5799865722656,438.1400146484375,419.6200866699219,431.4400024414063,65835030,0.0,0.0
2026-01-22,435.1600036621094,449.4599914550781,432.6293029785156,449.3599853515625,68365736,0.0,0.0
2026-01-23,447.4049987792969,452.4299926757813,444.0400085449219,449.05999755859375,56494476,0.0,0.0
2026-01-23,447.4049987792969,452.4299926757813,444.0400085449219,449.05999755859375,56494476,0.0,0.0
2026-01-23,447.4049987792969,452.4299926757813,444.0400085449219,449.05999755859375,56771364,0.0,0.0
2026-01-26,445.0299987792969,445.0299987792969,434.2900085449219,435.2000122070313,49000644,0.0,0.0
2026-01-27,437.43499755859375,437.5199890136719,430.6900024414063,430.8999938964844,36827538,0.0,0.0
2026-01-28,431.79998779296875,438.260009765625,430.1000061035156,431.4599914550781,50383825,0.0,0.0
